{"cameraMode":{"drawMode":0,"name":"Shaded","section":"Shading Mode"},"sceneLighting":true,"audioPlay":false,"sceneViewState":{"showFog":true,"showMaterialUpdate":false,"showSkybox":true,"showFlares":true,"showImageEffects":true,"showParticleSystems":true},"in2DMode":false,"pivot":{"x":-2.7261695861816408,"y":-0.29463768005371096,"z":3.690567970275879},"rotation":{"x":-0.11470312625169754,"y":0.8484274744987488,"z":-0.20520682632923127,"w":-0.4742406904697418},"size":22.0,"orthographic":false}